{
    "Author": "xmtc",
    "Compatibility": "Compatible",
    "DefuserDifficulty": "VeryEasy",
    "Description": "Press a sequence of claps and rests based on edgework. Tags: clap, clap-symbol, green-clap, rest, rest-symbol, quarter-rest,music,music-note",
    "ExpertDifficulty": "VeryEasy",
    "ModuleID": "clappingMusic",
    "Name": "Clapping Music",
    "Origin": "Mods",
    "Published": "2023-12-13",
    "SortKey": "CLAPPINGMUSIC",
    "SourceUrl": "https://github.com/7689Awesome/KTANE-Clapping-Music.git",
    "Souvenir": { "Status": "NotACandidate" },
    "SteamID": "3112401812",
    "Symbol": "Cm",
    "Type": "Regular"
  }